Workbook

Sheet Sheet1
A1: NAMA | B1: NIP | C1: bulan lahir | D1: tahunlahir | E1: Golongan TMT | F1: Jabatan | G1: Pendidikan | H1: golongan | I1: id_pegawai | J1: nama_pegawai | K1: nip_pegawai | L1: jenis_kelamin | N1: bidang | O1: status | P1: jenis_jabatan | Q1: jabatan | R1: gelar | S1: nomor_hp | T1: foto
A2: SRI WIDAYANTI, S.H., M.M. | B2: 196704231993032001 | C2: 4 | D2: 1967 | E2: IV/d, TMT 01-10-2024 | F2: Kepala Kantor | G2: S2 | H2: =LEFT(E2, SEARCH(",",E2)-1) -> IV/d | I2: 1 | J2: =A2 -> SRI WIDAYANTI, S.H., M.M. | K2: =""&B2 -> 196704231993032001 | L2: =LEFT(RIGHT(K2, 4), 1) -> 2 | N2: 6 | O2: 1 | P2: =INDEX(Sheet2!A:A, MATCH(F2, Sheet2!B:B, 0)) -> 1 | Q2: 1 | R2: =INDEX(Sheet3!A:A, MATCH(G2, Sheet3!B:B, 0)) -> 3 | S2: 08123 | T2: =CONCATENATE(K2, ".jpg") -> 196704231993032001.jpg
A3: IWAN SETYO PRIHATIN, SH., M.A.P | B3: 197708311997031000 | C3: 8 | D3: 1977 | E3: IV/b, TMT 01-10-2019 | F3: Kepala Bagian Tata Usaha | G3: S2 | H3: =LEFT(E3, SEARCH(",",E3)-1) -> IV/b | I3: 2 | J3: =A3 -> IWAN SETYO PRIHATIN, SH., M.A.P | K3: =""&B3 -> 197708311997031000 | L3: =LEFT(RIGHT(K3, 4), 1) -> 1 | N3: 6 | O3: 1 | P3: =INDEX(Sheet2!A:A, MATCH(F3, Sheet2!B:B, 0)) -> 2 | Q3: 1 | R3: =INDEX(Sheet3!A:A, MATCH(G3, Sheet3!B:B, 0)) -> 3 | S3: 08123 | T3: =CONCATENATE(K3, ".jpg") -> 197708311997031000.jpg
A4: ARI WIBAWA , SE, M.AP. | B4: 198511072015031001 | C4: 11 | D4: 1985 | E4: III/d, TMT 01-10-2025 | F4: Kasubag Kepegawaian | G4: S2 | H4: =LEFT(E4, SEARCH(",",E4)-1) -> III/d | I4: 3 | J4: =A4 -> ARI WIBAWA , SE, M.AP. | K4: =""&B4 -> 198511072015031001 | L4: =LEFT(RIGHT(K4, 4), 1) -> 1 | N4: 6 | O4: 1 | P4: =INDEX(Sheet2!A:A, MATCH(F4, Sheet2!B:B, 0)) -> 3 | Q4: 1 | R4: =INDEX(Sheet3!A:A, MATCH(G4, Sheet3!B:B, 0)) -> 3 | S4: 08123 | T4: =CONCATENATE(K4, ".jpg") -> 198511072015031001.jpg
A5: JUMALI, S.I.P | B5: 1.9770107e+17 | C5: 1 | D5: 1977 | E5: III/b, TMT 01-10-2022 | F5: Analis Sumber Daya Manusia Aparatur Ahli Pertama | G5: S1 | H5: =LEFT(E5, SEARCH(",",E5)-1) -> III/b | I5: 4 | J5: =A5 -> JUMALI, S.I.P | K5: =""&B5 -> 197701072010121000 | L5: =LEFT(RIGHT(K5, 4), 1) -> 1 | N5: 6 | O5: 1 | P5: =INDEX(Sheet2!A:A, MATCH(F5, Sheet2!B:B, 0)) -> 4 | Q5: 2 | R5: =INDEX(Sheet3!A:A, MATCH(G5, Sheet3!B:B, 0)) -> 4 | S5: 08123 | T5: =CONCATENATE(K5, ".jpg") -> 197701072010121000.jpg
A6: APRIYANI, SE | B6: 1.9840407e+17 | C6: 4 | D6: 1984 | E6: III/d, TMT 01-04-2025 | F6: Penelaah Teknis Kebijakan | G6: S1 | H6: =LEFT(E6, SEARCH(",",E6)-1) -> III/d | I6: 5 | J6: =A6 -> APRIYANI, SE | K6: =""&B6 -> 198404072006042000 | L6: =LEFT(RIGHT(K6, 4), 1) -> 2 | N6: 6 | O6: 1 | P6: =INDEX(Sheet2!A:A, MATCH(F6, Sheet2!B:B, 0)) -> 5 | Q6: 2 | R6: =INDEX(Sheet3!A:A, MATCH(G6, Sheet3!B:B, 0)) -> 4 | S6: 08123 | T6: =CONCATENATE(K6, ".jpg") -> 198404072006042000.jpg
A7: DIAN KUSUMA WARDHANI,A.Md | B7: 1.9810816e+17 | C7: 8 | D7: 1981 | E7: III/c, TMT 01-11-2025 | F7: Arsiparis Penyelia | G7: DIII | H7: =LEFT(E7, SEARCH(",",E7)-1) -> III/c | I7: 6 | J7: =A7 -> DIAN KUSUMA WARDHANI,A.Md | K7: =""&B7 -> 198108162008012000 | L7: =LEFT(RIGHT(K7, 4), 1) -> 2 | N7: 6 | O7: 1 | P7: =INDEX(Sheet2!A:A, MATCH(F7, Sheet2!B:B, 0)) -> 6 | Q7: 2 | R7: =INDEX(Sheet3!A:A, MATCH(G7, Sheet3!B:B, 0)) -> 5 | S7: 08123 | T7: =CONCATENATE(K7, ".jpg") -> 198108162008012000.jpg
A8: DODY RAHMAT SHOLIHIN, S.IP, MPA | B8: 198812252019021002 | C8: 12 | D8: 1988 | E8: III/c, TMT 01-08-2025 | F8: Analis Sumber Daya Manusia Aparatur Ahli Muda | G8: S2 | H8: =LEFT(E8, SEARCH(",",E8)-1) -> III/c | I8: 7 | J8: =A8 -> DODY RAHMAT SHOLIHIN, S.IP, MPA | K8: =""&B8 -> 198812252019021002 | L8: =LEFT(RIGHT(K8, 4), 1) -> 1 | N8: 6 | O8: 1 | P8: =INDEX(Sheet2!A:A, MATCH(F8, Sheet2!B:B, 0)) -> 7 | Q8: 2 | R8: =INDEX(Sheet3!A:A, MATCH(G8, Sheet3!B:B, 0)) -> 3 | S8: 08123 | T8: =CONCATENATE(K8, ".jpg") -> 198812252019021002.jpg
A9: NOVANDA FATIH HARDANTI, S.Psi., M.Psi., Psikolog | B9: 1.995113e+17 | C9: 11 | D9: 1995 | E9: III/b, TMT 01-06-2025 | F9: Penelaah Teknis Kebijakan | G9: S2 | H9: =LEFT(E9, SEARCH(",",E9)-1) -> III/b | I9: 8 | J9: =A9 -> NOVANDA FATIH HARDANTI, S.Psi., M.Psi., Psikolog | K9: =""&B9 -> 199511302022032000 | L9: =LEFT(RIGHT(K9, 4), 1) -> 2 | N9: 6 | O9: 1 | P9: =INDEX(Sheet2!A:A, MATCH(F9, Sheet2!B:B, 0)) -> 5 | Q9: 2 | R9: =INDEX(Sheet3!A:A, MATCH(G9, Sheet3!B:B, 0)) -> 3 | S9: 08123 | T9: =CONCATENATE(K9, ".jpg") -> 199511302022032000.jpg
A10: ACHID ANUGRAHANTO, S.E. | B10: 199106142020121008 | C10: 6 | D10: 1991 | E10: III/b, TMT 01-12-2024 | F10: Penelaah Teknis Kebijakan | G10: S1 | H10: =LEFT(E10, SEARCH(",",E10)-1) -> III/b | I10: 9 | J10: =A10 -> ACHID ANUGRAHANTO, S.E. | K10: =""&B10 -> 199106142020121008 | L10: =LEFT(RIGHT(K10, 4), 1) -> 1 | N10: 6 | O10: 1 | P10: =INDEX(Sheet2!A:A, MATCH(F10, Sheet2!B:B, 0)) -> 5 | Q10: 2 | R10: =INDEX(Sheet3!A:A, MATCH(G10, Sheet3!B:B, 0)) -> 4 | S10: 08123 | T10: =CONCATENATE(K10, ".jpg") -> 199106142020121008.jpg
A11: RADEN RARA FITRI WIKANDARI, S.I.Kom. | B11: 198407092015032002 | C11: 7 | D11: 1984 | E11: III/b, TMT 01-11-2025 | F11: Pranata SDM Mahir | G11: S1 | H11: =LEFT(E11, SEARCH(",",E11)-1) -> III/b | I11: 10 | J11: =A11 -> RADEN RARA FITRI WIKANDARI, S.I.Kom. | K11: =""&B11 -> 198407092015032002 | L11: =LEFT(RIGHT(K11, 4), 1) -> 2 | N11: 6 | O11: 1 | P11: =INDEX(Sheet2!A:A, MATCH(F11, Sheet2!B:B, 0)) -> 8 | Q11: 2 | R11: =INDEX(Sheet3!A:A, MATCH(G11, Sheet3!B:B, 0)) -> 4 | S11: 08123 | T11: =CONCATENATE(K11, ".jpg") -> 198407092015032002.jpg
A12: VICTORRIANUS BAGUS WINDA KURINIAWAN, S.Si. | B12: 1.9770323e+17 | C12: 1 | D12: 1977 | E12: III/d, TMT 01-04-2026 | F12: Pengolah Data dan Informasi | G12: S1 | H12: =LEFT(E12, SEARCH(",",E12)-1) -> III/d | I12: 11 | J12: =A12 -> VICTORRIANUS BAGUS WINDA KURINIAWAN, S.Si. | K12: =""&B12 -> 197703232008011000 | L12: =LEFT(RIGHT(K12, 4), 1) -> 1 | N12: 6 | O12: 1 | P12: =INDEX(Sheet2!A:A, MATCH(F12, Sheet2!B:B, 0)) -> 9 | Q12: 2 | R12: =INDEX(Sheet3!A:A, MATCH(G12, Sheet3!B:B, 0)) -> 4 | S12: 08123 | T12: =CONCATENATE(K12, ".jpg") -> 197703232008011000.jpg
A13: MUHAMMAD ROBI SETIAWAN, S.AB. | B13: 1.9950809e+17 | C13: 8 | D13: 1995 | E13: III/b, TMT 01-12-2024 | F13: Analis Sumber Daya Manusia Aparatur Ahli Pertama | G13: S1 | H13: =LEFT(E13, SEARCH(",",E13)-1) -> III/b | I13: 12 | J13: =A13 -> MUHAMMAD ROBI SETIAWAN, S.AB. | K13: =""&B13 -> 199508092020121000 | L13: =LEFT(RIGHT(K13, 4), 1) -> 1 | N13: 6 | O13: 1 | P13: =INDEX(Sheet2!A:A, MATCH(F13, Sheet2!B:B, 0)) -> 10 | Q13: 2 | R13: =INDEX(Sheet3!A:A, MATCH(G13, Sheet3!B:B, 0)) -> 4 | S13: 08123 | T13: =CONCATENATE(K13, ".jpg") -> 199508092020121000.jpg
A14: NINIK SETYORINI, SE | B14: 1.9780422e+17 | C14: 4 | D14: 1978 | E14: III/d, TMT 01-10-2025 | F14: Kasubag Perencanaan dan Keuangan | G14: S1 | H14: =LEFT(E14, SEARCH(",",E14)-1) -> III/d | I14: 13 | J14: =A14 -> NINIK SETYORINI, SE | K14: =""&B14 -> 197804222006042000 | L14: =LEFT(RIGHT(K14, 4), 1) -> 2 | N14: 6 | O14: 1 | P14: =INDEX(Sheet2!A:A, MATCH(F14, Sheet2!B:B, 0)) -> 11 | Q14: 2 | R14: =INDEX(Sheet3!A:A, MATCH(G14, Sheet3!B:B, 0)) -> 4 | S14: 08123 | T14: =CONCATENATE(K14, ".jpg") -> 197804222006042000.jpg
A15: VIVILIA KUSUMA JAYANTIE BASUKI, S.E., M.M. | B15: 198510182014022003 | C15: 10 | D15: 1985 | E15: III/b, TMT 01-10-2025 | F15: Arsiparis Ahli Pertama | G15: S1 | H15: =LEFT(E15, SEARCH(",",E15)-1) -> III/b | I15: 14 | J15: =A15 -> VIVILIA KUSUMA JAYANTIE BASUKI, S.E., M.M. | K15: =""&B15 -> 198510182014022003 | L15: =LEFT(RIGHT(K15, 4), 1) -> 2 | N15: 6 | O15: 1 | P15: =INDEX(Sheet2!A:A, MATCH(F15, Sheet2!B:B, 0)) -> 12 | Q15: 2 | R15: =INDEX(Sheet3!A:A, MATCH(G15, Sheet3!B:B, 0)) -> 4 | S15: 08123 | T15: =CONCATENATE(K15, ".jpg") -> 198510182014022003.jpg
A16: DIYAH RACHMAWATI HASMAMY, SE | B16: 1.984052e+17 | C16: 5 | D16: 1984 | E16: III/c, TMT 01-04-2023 | F16: Penelaah Teknis Kebijakan | G16: S1 | H16: =LEFT(E16, SEARCH(",",E16)-1) -> III/c | I16: 15 | J16: =A16 -> DIYAH RACHMAWATI HASMAMY, SE | K16: =""&B16 -> 198405202015032000 | L16: =LEFT(RIGHT(K16, 4), 1) -> 2 | N16: 6 | O16: 1 | P16: =INDEX(Sheet2!A:A, MATCH(F16, Sheet2!B:B, 0)) -> 5 | Q16: 2 | R16: =INDEX(Sheet3!A:A, MATCH(G16, Sheet3!B:B, 0)) -> 4 | S16: 08123 | T16: =CONCATENATE(K16, ".jpg") -> 198405202015032000.jpg
A17: RETNO MILIASIH, S.E., M.E. | B17: 197507212006042001 | C17: 7 | D17: 1975 | E17: IV/a, TMT 01-04-2024 | F17: Analis Peng Keu APBN Madya | G17: S2 | H17: =LEFT(E17, SEARCH(",",E17)-1) -> IV/a | I17: 16 | J17: =A17 -> RETNO MILIASIH, S.E., M.E. | K17: =""&B17 -> 197507212006042001 | L17: =LEFT(RIGHT(K17, 4), 1) -> 2 | N17: 6 | O17: 1 | P17: =INDEX(Sheet2!A:A, MATCH(F17, Sheet2!B:B, 0)) -> 13 | Q17: 2 | R17: =INDEX(Sheet3!A:A, MATCH(G17, Sheet3!B:B, 0)) -> 3 | S17: 08123 | T17: =CONCATENATE(K17, ".jpg") -> 197507212006042001.jpg
A18: RIAN USMAWATI, S.E. | B18: 198306062015032002 | C18: 7 | D18: 1983 | E18: III/c, TMT 01-10-2025 | F18: Analis Peng Keu APBN Pertama | G18: S1 | H18: =LEFT(E18, SEARCH(",",E18)-1) -> III/c | I18: 17 | J18: =A18 -> RIAN USMAWATI, S.E. | K18: =""&B18 -> 198306062015032002 | L18: =LEFT(RIGHT(K18, 4), 1) -> 2 | N18: 6 | O18: 1 | P18: =INDEX(Sheet2!A:A, MATCH(F18, Sheet2!B:B, 0)) -> 14 | Q18: 2 | R18: =INDEX(Sheet3!A:A, MATCH(G18, Sheet3!B:B, 0)) -> 4 | S18: 08123 | T18: =CONCATENATE(K18, ".jpg") -> 198306062015032002.jpg
A19: EVI RISTIANA, SE | B19: 1.9860626e+17 | C19: 6 | D19: 1986 | E19: III/c, TMT 01-02-2024 | F19: Analis Peng Keu APBN Muda | G19: S1 | H19: =LEFT(E19, SEARCH(",",E19)-1) -> III/c | I19: 18 | J19: =A19 -> EVI RISTIANA, SE | K19: =""&B19 -> 198606262008012000 | L19: =LEFT(RIGHT(K19, 4), 1) -> 2 | N19: 6 | O19: 1 | P19: =INDEX(Sheet2!A:A, MATCH(F19, Sheet2!B:B, 0)) -> 15 | Q19: 2 | R19: =INDEX(Sheet3!A:A, MATCH(G19, Sheet3!B:B, 0)) -> 4 | S19: 08123 | T19: =CONCATENATE(K19, ".jpg") -> 198606262008012000.jpg
A20: FERA TRESNAWATI, M. Acc. | B20: 199302202020122004 | C20: 2 | D20: 1993 | E20: III/b, TMT 01-10-2023 | F20: Penelaah Teknis Kebijakan | G20: S2 | H20: =LEFT(E20, SEARCH(",",E20)-1) -> III/b | I20: 19 | J20: =A20 -> FERA TRESNAWATI, M. Acc. | K20: =""&B20 -> 199302202020122004 | L20: =LEFT(RIGHT(K20, 4), 1) -> 2 | N20: 6 | O20: 1 | P20: =INDEX(Sheet2!A:A, MATCH(F20, Sheet2!B:B, 0)) -> 5 | Q20: 2 | R20: =INDEX(Sheet3!A:A, MATCH(G20, Sheet3!B:B, 0)) -> 3 | S20: 08123 | T20: =CONCATENATE(K20, ".jpg") -> 199302202020122004.jpg
A21: HANDRIAN RAHMADANA, S.I.P | B21: 198903042022031003 | C21: 3 | D21: 1989 | E21: III/b, TMT 01-03-2026 | F21: Penelaah Teknis Kebijakan | G21: S1 | H21: =LEFT(E21, SEARCH(",",E21)-1) -> III/b | I21: 20 | J21: =A21 -> HANDRIAN RAHMADANA, S.I.P | K21: =""&B21 -> 198903042022031003 | L21: =LEFT(RIGHT(K21, 4), 1) -> 1 | N21: 6 | O21: 1 | P21: =INDEX(Sheet2!A:A, MATCH(F21, Sheet2!B:B, 0)) -> 5 | Q21: 2 | R21: =INDEX(Sheet3!A:A, MATCH(G21, Sheet3!B:B, 0)) -> 4 | S21: 08123 | T21: =CONCATENATE(K21, ".jpg") -> 198903042022031003.jpg
A22: AULIA TRI HASTUTI WULANDARI, A.Md.Kb.N | B22: 200006152022022001 | C22: 6 | D22: 2000 | E22: II/d, TMT 01-02-2026 | F22: Penelaah Teknis Kebijakan | G22: DIII | H22: =LEFT(E22, SEARCH(",",E22)-1) -> II/d | I22: 21 | J22: =A22 -> AULIA TRI HASTUTI WULANDARI, A.Md.Kb.N | K22: =""&B22 -> 200006152022022001 | L22: =LEFT(RIGHT(K22, 4), 1) -> 2 | N22: 6 | O22: 1 | P22: =INDEX(Sheet2!A:A, MATCH(F22, Sheet2!B:B, 0)) -> 5 | Q22: 2 | R22: =INDEX(Sheet3!A:A, MATCH(G22, Sheet3!B:B, 0)) -> 5 | S22: 08123 | T22: =CONCATENATE(K22, ".jpg") -> 200006152022022001.jpg
A23: SUHERI WIDOYOKO, SE | B23: 198004202015031002 | C23: 4 | D23: 1980 | E23: III/c, TMT 01-10-2024 | F23: Pranata Keuangan APBN Penyelia | G23: S1 | H23: =LEFT(E23, SEARCH(",",E23)-1) -> III/c | I23: 22 | J23: =A23 -> SUHERI WIDOYOKO, SE | K23: =""&B23 -> 198004202015031002 | L23: =LEFT(RIGHT(K23, 4), 1) -> 1 | N23: 6 | O23: 1 | P23: =INDEX(Sheet2!A:A, MATCH(F23, Sheet2!B:B, 0)) -> 16 | Q23: 2 | R23: =INDEX(Sheet3!A:A, MATCH(G23, Sheet3!B:B, 0)) -> 4 | S23: 08123 | T23: =CONCATENATE(K23, ".jpg") -> 198004202015031002.jpg
A24: ALIFVIA SEZA FITRIANA, A.Md.Kb.N. | B24: 2.0001009e+17 | C24: 3 | D24: 2000 | E24: II/c | F24: Pengolah Data dan Informasi | G24: DIII | H24: =E24 -> II/c | I24: 23 | J24: =A24 -> ALIFVIA SEZA FITRIANA, A.Md.Kb.N. | K24: =""&B24 -> 200010092022022000 | L24: =LEFT(RIGHT(K24, 4), 1) -> 2 | N24: 6 | O24: 1 | P24: =INDEX(Sheet2!A:A, MATCH(F24, Sheet2!B:B, 0)) -> 9 | Q24: 2 | R24: =INDEX(Sheet3!A:A, MATCH(G24, Sheet3!B:B, 0)) -> 5 | S24: 08123 | T24: =CONCATENATE(K24, ".jpg") -> 200010092022022000.jpg
A25: SUNARKO, A.Md.Pas. | B25: 199002272023211017 | C25: 2 | D25: 1990 | E25: VII | F25: Pranata Sumber Daya Manusia Aparatur Terampil | G25: DIII | H25: =E25 -> VII | I25: 24 | J25: =A25 -> SUNARKO, A.Md.Pas. | K25: =""&B25 -> 199002272023211017 | L25: =LEFT(RIGHT(K25, 4), 1) -> 1 | N25: 6 | O25: 2 | P25: =INDEX(Sheet2!A:A, MATCH(F25, Sheet2!B:B, 0)) -> 17 | Q25: 2 | R25: =INDEX(Sheet3!A:A, MATCH(G25, Sheet3!B:B, 0)) -> 5 | S25: 08123 | T25: =CONCATENATE(K25, ".jpg") -> 199002272023211017.jpg
A26: GUNAWAN, S.IP. | B26: 1.9730217e+17 | C26: 2 | D26: 1973 | E26: III/c, TMT 01-06-2025 | F26: Kasubag Umum | G26: S1 | H26: =LEFT(E26, SEARCH(",",E26)-1) -> III/c | I26: 25 | J26: =A26 -> GUNAWAN, S.IP. | K26: =""&B26 -> 197302171999021000 | L26: =LEFT(RIGHT(K26, 4), 1) -> 1 | N26: 6 | O26: 1 | P26: =INDEX(Sheet2!A:A, MATCH(F26, Sheet2!B:B, 0)) -> 18 | Q26: 1 | R26: =INDEX(Sheet3!A:A, MATCH(G26, Sheet3!B:B, 0)) -> 4 | S26: 08123 | T26: =CONCATENATE(K26, ".jpg") -> 197302171999021000.jpg
A27: SOFIKA WAHDANI WIJAYANTI, S.Sn. | B27: 1.986051e+17 | C27: 5 | D27: 1986 | E27: III/b | F27: Pranata Humas Ahli Muda | G27: S1 | H27: =E27 -> III/b | I27: 26 | J27: =A27 -> SOFIKA WAHDANI WIJAYANTI, S.Sn. | K27: =""&B27 -> 198605102018012000 | L27: =LEFT(RIGHT(K27, 4), 1) -> 2 | N27: 6 | O27: 5 | P27: =INDEX(Sheet2!A:A, MATCH(F27, Sheet2!B:B, 0)) -> 19 | Q27: 2 | R27: =INDEX(Sheet3!A:A, MATCH(G27, Sheet3!B:B, 0)) -> 4 | S27: 08123 | T27: =CONCATENATE(K27, ".jpg") -> 198605102018012000.jpg
A28: MAJID SETIYAWAN | B28: 1.9790706e+17 | C28: 7 | D28: 1979 | E28: III/b, TMT 01-04-2023 | F28: Pengelola Layanan Operasional | G28: SLTA | H28: =LEFT(E28, SEARCH(",",E28)-1) -> III/b | I28: 27 | J28: =A28 -> MAJID SETIYAWAN | K28: =""&B28 -> 197907062002121000 | L28: =LEFT(RIGHT(K28, 4), 1) -> 1 | N28: 6 | O28: 1 | P28: =INDEX(Sheet2!A:A, MATCH(F28, Sheet2!B:B, 0)) -> 20 | Q28: 2 | R28: =INDEX(Sheet3!A:A, MATCH(G28, Sheet3!B:B, 0)) -> 6 | S28: 08123 | T28: =CONCATENATE(K28, ".jpg") -> 197907062002121000.jpg
A29: RIA GUNAWAN, A.Md | B29: 1.9850709e+17 | C29: 7 | D29: 1985 | E29: III/c, TMT 01-04-2026 | F29: Pengelola Layanan Operasional | G29: DIII | H29: =LEFT(E29, SEARCH(",",E29)-1) -> III/c | I29: 28 | J29: =A29 -> RIA GUNAWAN, A.Md | K29: =""&B29 -> 198507092009121000 | L29: =LEFT(RIGHT(K29, 4), 1) -> 1 | N29: 6 | O29: 1 | P29: =INDEX(Sheet2!A:A, MATCH(F29, Sheet2!B:B, 0)) -> 20 | Q29: 2 | R29: =INDEX(Sheet3!A:A, MATCH(G29, Sheet3!B:B, 0)) -> 5 | S29: 08123 | T29: =CONCATENATE(K29, ".jpg") -> 198507092009121000.jpg
A30: HANUM SOFIA NUR MERJANTI, S.IP | B30: 199009232019022004 | C30: 9 | D30: 1990 | E30: III/b, TMT 01-10-2024 | F30: Pranata Humas Ahli Pertama | G30: S1 | H30: =LEFT(E30, SEARCH(",",E30)-1) -> III/b | I30: 29 | J30: =A30 -> HANUM SOFIA NUR MERJANTI, S.IP | K30: =""&B30 -> 199009232019022004 | L30: =LEFT(RIGHT(K30, 4), 1) -> 2 | N30: 6 | O30: 1 | P30: =INDEX(Sheet2!A:A, MATCH(F30, Sheet2!B:B, 0)) -> 21 | Q30: 2 | R30: =INDEX(Sheet3!A:A, MATCH(G30, Sheet3!B:B, 0)) -> 4 | S30: 08123 | T30: =CONCATENATE(K30, ".jpg") -> 199009232019022004.jpg
A31: MELA MELATI, S. Tr. S. I. | B31: 1.9920515e+17 | C31: 5 | D31: 1992 | E31: III/b, TMT 01-10-2024 | F31: Arsiparis Ahli Pertama | G31: S1 | H31: =LEFT(E31, SEARCH(",",E31)-1) -> III/b | I31: 30 | J31: =A31 -> MELA MELATI, S. Tr. S. I. | K31: =""&B31 -> 199205152014022000 | L31: =LEFT(RIGHT(K31, 4), 1) -> 2 | N31: 6 | O31: 1 | P31: =INDEX(Sheet2!A:A, MATCH(F31, Sheet2!B:B, 0)) -> 12 | Q31: 2 | R31: =INDEX(Sheet3!A:A, MATCH(G31, Sheet3!B:B, 0)) -> 4 | S31: 08123 | T31: =CONCATENATE(K31, ".jpg") -> 199205152014022000.jpg
A32: SUHADI ROHANI | B32: 197409152006041004 | C32: 9 | D32: 1974 | E32: III/b, TMT 01-04-2026 | F32: Pengelola Layanan Operasional | G32: SLTA | H32: =LEFT(E32, SEARCH(",",E32)-1) -> III/b | I32: 31 | J32: =A32 -> SUHADI ROHANI | K32: =""&B32 -> 197409152006041004 | L32: =LEFT(RIGHT(K32, 4), 1) -> 1 | N32: 6 | O32: 1 | P32: =INDEX(Sheet2!A:A, MATCH(F32, Sheet2!B:B, 0)) -> 20 | Q32: 2 | R32: =INDEX(Sheet3!A:A, MATCH(G32, Sheet3!B:B, 0)) -> 6 | S32: 08123 | T32: =CONCATENATE(K32, ".jpg") -> 197409152006041004.jpg
A33: IMAM SUPARDI, A.Md | B33: 1.9840806e+17 | C33: 8 | D33: 1984 | E33: III/a, TMT 01-10-2023 | F33: Pengolah Data dan Informasi | G33: DIII | H33: =LEFT(E33, SEARCH(",",E33)-1) -> III/a | I33: 32 | J33: =A33 -> IMAM SUPARDI, A.Md | K33: =""&B33 -> 198408062015031000 | L33: =LEFT(RIGHT(K33, 4), 1) -> 1 | N33: 6 | O33: 1 | P33: =INDEX(Sheet2!A:A, MATCH(F33, Sheet2!B:B, 0)) -> 9 | Q33: 2 | R33: =INDEX(Sheet3!A:A, MATCH(G33, Sheet3!B:B, 0)) -> 5 | S33: 08123 | T33: =CONCATENATE(K33, ".jpg") -> 198408062015031000.jpg
A34: EVI DARYANTI, A.Md. | B34: 199510242025062001 | C34: 10 | D34: 1995 | E34: II/c | F34: Arsiparis Keterampilan | G34: DIII | H34: =E34 -> II/c | I34: 33 | J34: =A34 -> EVI DARYANTI, A.Md. | K34: =""&B34 -> 199510242025062001 | L34: =LEFT(RIGHT(K34, 4), 1) -> 2 | N34: 6 | O34: 1 | P34: =INDEX(Sheet2!A:A, MATCH(F34, Sheet2!B:B, 0)) -> 22 | Q34: 2 | R34: =INDEX(Sheet3!A:A, MATCH(G34, Sheet3!B:B, 0)) -> 5 | S34: 08123 | T34: =CONCATENATE(K34, ".jpg") -> 199510242025062001.jpg
A35: BAGAS SANTOSA NUGRAHA, S.Tr.T. | B35: 200209112025061001 | C35: 9 | D35: 2002 | E35: III/a | F35: Teknisi Sarana dan Prasarana | G35: S1 | H35: =E35 -> III/a | I35: 34 | J35: =A35 -> BAGAS SANTOSA NUGRAHA, S.Tr.T. | K35: =""&B35 -> 200209112025061001 | L35: =LEFT(RIGHT(K35, 4), 1) -> 1 | N35: 6 | O35: 1 | P35: =INDEX(Sheet2!A:A, MATCH(F35, Sheet2!B:B, 0)) -> 23 | Q35: 2 | R35: =INDEX(Sheet3!A:A, MATCH(G35, Sheet3!B:B, 0)) -> 4 | S35: 08123 | T35: =CONCATENATE(K35, ".jpg") -> 200209112025061001.jpg
A36: LUTHFAN DARMAWAN, S.T. | B36: 200001122025061001 | C36: 11 | D36: 2000 | E36: III/a | F36: Teknisi Sarana dan Prasarana | G36: S1 | H36: =E36 -> III/a | I36: 35 | J36: =A36 -> LUTHFAN DARMAWAN, S.T. | K36: =""&B36 -> 200001122025061001 | L36: =LEFT(RIGHT(K36, 4), 1) -> 1 | N36: 6 | O36: 1 | P36: =INDEX(Sheet2!A:A, MATCH(F36, Sheet2!B:B, 0)) -> 23 | Q36: 2 | R36: =INDEX(Sheet3!A:A, MATCH(G36, Sheet3!B:B, 0)) -> 4 | S36: 08123 | T36: =CONCATENATE(K36, ".jpg") -> 200001122025061001.jpg
A37: AYU TRIANA SETYANINGRUM, A.Md. | B37: 199610112025062002 | C37: 10 | D37: 1996 | E37: II/c | F37: Pengelola Keprotokolan | G37: DIII | H37: =E37 -> II/c | I37: 36 | J37: =A37 -> AYU TRIANA SETYANINGRUM, A.Md. | K37: =""&B37 -> 199610112025062002 | L37: =LEFT(RIGHT(K37, 4), 1) -> 2 | N37: 6 | O37: 1 | P37: =INDEX(Sheet2!A:A, MATCH(F37, Sheet2!B:B, 0)) -> 24 | Q37: 2 | R37: =INDEX(Sheet3!A:A, MATCH(G37, Sheet3!B:B, 0)) -> 5 | S37: 08123 | T37: =CONCATENATE(K37, ".jpg") -> 199610112025062002.jpg
A38: THERESIA NATALIA SABU SUMA TUKAN, S.E. | B38: 199509152020122010 | C38: 9 | D38: 1995 | E38: III/b, TMT 01-11-2025 | F38: Pengelola pengadaan Barang/Jasa Pertama | G38: S1 | H38: =LEFT(E38, SEARCH(",",E38)-1) -> III/b | I38: 37 | J38: =A38 -> THERESIA NATALIA SABU SUMA TUKAN, S.E. | K38: =""&B38 -> 199509152020122010 | L38: =LEFT(RIGHT(K38, 4), 1) -> 2 | N38: 6 | O38: 5 | P38: =INDEX(Sheet2!A:A, MATCH(F38, Sheet2!B:B, 0)) -> 25 | Q38: 2 | R38: =INDEX(Sheet3!A:A, MATCH(G38, Sheet3!B:B, 0)) -> 4 | S38: 08123 | T38: =CONCATENATE(K38, ".jpg") -> 199509152020122010.jpg
A39: BURHAN ISLAMI A, S.I.Kom., M.A. | B39: 199505152019021003 | C39: 5 | D39: 1995 | E39: III/b, TMT 01-04-2023 | F39: Pranata Humas Ahli Muda | G39: S2 | H39: =LEFT(E39, SEARCH(",",E39)-1) -> III/b | I39: 38 | J39: =A39 -> BURHAN ISLAMI A, S.I.Kom., M.A. | K39: =""&B39 -> 199505152019021003 | L39: =LEFT(RIGHT(K39, 4), 1) -> 1 | N39: 6 | O39: 5 | P39: =INDEX(Sheet2!A:A, MATCH(F39, Sheet2!B:B, 0)) -> 19 | Q39: 2 | R39: =INDEX(Sheet3!A:A, MATCH(G39, Sheet3!B:B, 0)) -> 3 | S39: 08123 | T39: =CONCATENATE(K39, ".jpg") -> 199505152019021003.jpg
A40: MUHAMMAD FATCHAN HELVIAN, A.Md.Vet. | B40: 1.9971223e+17 | C40: 12 | D40: 1997 | E40: VII | F40: Arsiparis Terampil | G40: DIII | H40: =E40 -> VII | I40: 39 | J40: =A40 -> MUHAMMAD FATCHAN HELVIAN, A.Md.Vet. | K40: =""&B40 -> 199712232024211000 | L40: =LEFT(RIGHT(K40, 4), 1) -> 1 | N40: 6 | O40: 2 | P40: =INDEX(Sheet2!A:A, MATCH(F40, Sheet2!B:B, 0)) -> 26 | Q40: 2 | R40: =INDEX(Sheet3!A:A, MATCH(G40, Sheet3!B:B, 0)) -> 5 | S40: 08123 | T40: =CONCATENATE(K40, ".jpg") -> 199712232024211000.jpg
A41: MUHAMMAD SIDIQ NOVIANTORO, A.Md | B41: 198111072024211003 | C41: 11 | D41: 1981 | E41: VII | F41: Arsiparis Terampil | G41: DIII | H41: =E41 -> VII | I41: 40 | J41: =A41 -> MUHAMMAD SIDIQ NOVIANTORO, A.Md | K41: =""&B41 -> 198111072024211003 | L41: =LEFT(RIGHT(K41, 4), 1) -> 1 | N41: 6 | O41: 2 | P41: =INDEX(Sheet2!A:A, MATCH(F41, Sheet2!B:B, 0)) -> 26 | Q41: 2 | R41: =INDEX(Sheet3!A:A, MATCH(G41, Sheet3!B:B, 0)) -> 5 | S41: 08123 | T41: =CONCATENATE(K41, ".jpg") -> 198111072024211003.jpg
A42: NURLIANA DWI UTARI, A.Md. | B42: 199511152024212024 | C42: 11 | D42: 1995 | E42: VII | F42: Arsiparis Terampil | G42: DIII | H42: =E42 -> VII | I42: 41 | J42: =A42 -> NURLIANA DWI UTARI, A.Md. | K42: =""&B42 -> 199511152024212024 | L42: =LEFT(RIGHT(K42, 4), 1) -> 2 | N42: 6 | O42: 2 | P42: =INDEX(Sheet2!A:A, MATCH(F42, Sheet2!B:B, 0)) -> 26 | Q42: 2 | R42: =INDEX(Sheet3!A:A, MATCH(G42, Sheet3!B:B, 0)) -> 5 | S42: 08123 | T42: =CONCATENATE(K42, ".jpg") -> 199511152024212024.jpg
A43: ACHMAD SIDIQ ASAD, S.Pd | B43: 1.9950228e+17 | C43: 2 | D43: 1995 | E43: IX | F43: Penata Layanan Operasional | G43: S1 | H43: =E43 -> IX | I43: 42 | J43: =A43 -> ACHMAD SIDIQ ASAD, S.Pd | K43: =""&B43 -> 199502282025211000 | L43: =LEFT(RIGHT(K43, 4), 1) -> 1 | N43: 6 | O43: 2 | P43: =INDEX(Sheet2!A:A, MATCH(F43, Sheet2!B:B, 0)) -> 27 | Q43: 2 | R43: =INDEX(Sheet3!A:A, MATCH(G43, Sheet3!B:B, 0)) -> 4 | S43: 08123 | T43: =CONCATENATE(K43, ".jpg") -> 199502282025211000.jpg
A44: AZOLLA SILVIANI, S.Sos. | B44: 1.9901001e+17 | C44: 10 | D44: 1990 | E44: IX | F44: Penata Layanan Operasional | G44: S1 | H44: =E44 -> IX | I44: 43 | J44: =A44 -> AZOLLA SILVIANI, S.Sos. | K44: =""&B44 -> 199010012025212000 | L44: =LEFT(RIGHT(K44, 4), 1) -> 2 | N44: 6 | O44: 2 | P44: =INDEX(Sheet2!A:A, MATCH(F44, Sheet2!B:B, 0)) -> 27 | Q44: 2 | R44: =INDEX(Sheet3!A:A, MATCH(G44, Sheet3!B:B, 0)) -> 4 | S44: 08123 | T44: =CONCATENATE(K44, ".jpg") -> 199010012025212000.jpg
A45: DIMAS DWI NUGROHO, S.Kom | B45: 1.995122e+17 | C45: 12 | D45: 1995 | E45: IX | F45: Penata Layanan Operasional | G45: S1 | H45: =E45 -> IX | I45: 44 | J45: =A45 -> DIMAS DWI NUGROHO, S.Kom | K45: =""&B45 -> 199512202025211000 | L45: =LEFT(RIGHT(K45, 4), 1) -> 1 | N45: 6 | O45: 2 | P45: =INDEX(Sheet2!A:A, MATCH(F45, Sheet2!B:B, 0)) -> 27 | Q45: 2 | R45: =INDEX(Sheet3!A:A, MATCH(G45, Sheet3!B:B, 0)) -> 4 | S45: 08123 | T45: =CONCATENATE(K45, ".jpg") -> 199512202025211000.jpg
A46: FRANSISCA TRIGIASMI, S.Pd. | B46: 1.9960524e+17 | C46: 5 | D46: 1996 | E46: IX | F46: Penata Layanan Operasional | G46: S1 | H46: =E46 -> IX | I46: 45 | J46: =A46 -> FRANSISCA TRIGIASMI, S.Pd. | K46: =""&B46 -> 199605242025212000 | L46: =LEFT(RIGHT(K46, 4), 1) -> 2 | N46: 6 | O46: 2 | P46: =INDEX(Sheet2!A:A, MATCH(F46, Sheet2!B:B, 0)) -> 27 | Q46: 2 | R46: =INDEX(Sheet3!A:A, MATCH(G46, Sheet3!B:B, 0)) -> 4 | S46: 08123 | T46: =CONCATENATE(K46, ".jpg") -> 199605242025212000.jpg
A47: EKO ISWANDONO | B47: 1.9861119e+17 | C47: 11 | D47: 1986 | E47: V | F47: Pengadministrasi Perkantoran | G47: SMK | H47: =E47 -> V | I47: 46 | J47: =A47 -> EKO ISWANDONO | K47: =""&B47 -> 198611192025211000 | L47: =LEFT(RIGHT(K47, 4), 1) -> 1 | N47: 6 | O47: 2 | P47: =INDEX(Sheet2!A:A, MATCH(F47, Sheet2!B:B, 0)) -> 28 | Q47: 2 | R47: =INDEX(Sheet3!A:A, MATCH(G47, Sheet3!B:B, 0)) -> 6 | S47: 08123 | T47: =CONCATENATE(K47, ".jpg") -> 198611192025211000.jpg
A48: SULISTYO NUGROHO | B48: 1.9900209e+17 | C48: 2 | D48: 1990 | E48: V | F48: Operator Layanan Operasional | G48: SMA | H48: =E48 -> V | I48: 47 | J48: =A48 -> SULISTYO NUGROHO | K48: =""&B48 -> 199002092025211000 | L48: =LEFT(RIGHT(K48, 4), 1) -> 1 | N48: 6 | O48: 2 | P48: =INDEX(Sheet2!A:A, MATCH(F48, Sheet2!B:B, 0)) -> 29 | Q48: 2 | R48: =INDEX(Sheet3!A:A, MATCH(G48, Sheet3!B:B, 0)) -> 6 | S48: 08123 | T48: =CONCATENATE(K48, ".jpg") -> 199002092025211000.jpg
A49: DWI HARYONO, S.H. | B49: 1.9690206e+17 | C49: 2 | D49: 1969 | E49: IV/b, TMT 01-10-2023 | F49: Analis Sumber Daya Manusia Aparatur Ahli Madya | G49: S1 | H49: =LEFT(E49, SEARCH(",",E49)-1) -> IV/b | I49: 48 | J49: =A49 -> DWI HARYONO, S.H. | K49: =""&B49 -> 196902061993031000 | L49: =LEFT(RIGHT(K49, 4), 1) -> 1 | N49: 4 | O49: 1 | P49: =INDEX(Sheet2!A:A, MATCH(F49, Sheet2!B:B, 0)) -> 30 | Q49: 2 | R49: =INDEX(Sheet3!A:A, MATCH(G49, Sheet3!B:B, 0)) -> 4 | S49: 08123 | T49: =CONCATENATE(K49, ".jpg") -> 196902061993031000.jpg
A50: ENDAH SARI RAHAYU, S.E. | B50: 1.9721018e+17 | C50: 10 | D50: 1972 | E50: IV/b, TMT 01-02-2024 | F50: Analis Sumber Daya Manusia Aparatur Ahli Madya | G50: S1 | H50: =LEFT(E50, SEARCH(",",E50)-1) -> IV/b | I50: 49 | J50: =A50 -> ENDAH SARI RAHAYU, S.E. | K50: =""&B50 -> 197210181993032000 | L50: =LEFT(RIGHT(K50, 4), 1) -> 2 | N50: 4 | O50: 1 | P50: =INDEX(Sheet2!A:A, MATCH(F50, Sheet2!B:B, 0)) -> 30 | Q50: 2 | R50: =INDEX(Sheet3!A:A, MATCH(G50, Sheet3!B:B, 0)) -> 4 | S50: 08123 | T50: =CONCATENATE(K50, ".jpg") -> 197210181993032000.jpg
A51: MOH. HUSAENI, S.IP | B51: 1.9690616e+17 | C51: 6 | D51: 1969 | E51: IV/a, TMT 01-04-2024 | F51: Analis Sumber Daya Manusia Aparatur Ahli Madya | G51: S1 | H51: =LEFT(E51, SEARCH(",",E51)-1) -> IV/a | I51: 50 | J51: =A51 -> MOH. HUSAENI, S.IP | K51: =""&B51 -> 196906161994031000 | L51: =LEFT(RIGHT(K51, 4), 1) -> 1 | N51: 4 | O51: 1 | P51: =INDEX(Sheet2!A:A, MATCH(F51, Sheet2!B:B, 0)) -> 30 | Q51: 2 | R51: =INDEX(Sheet3!A:A, MATCH(G51, Sheet3!B:B, 0)) -> 4 | S51: 08123 | T51: =CONCATENATE(K51, ".jpg") -> 196906161994031000.jpg
A52: SUYATNO, S.E., M.M. | B52: 1.9740323e+17 | C52: 3 | D52: 1974 | E52: IV/a, TMT 01-04-2023 | F52: Analis Sumber Daya Manusia Aparatur Ahli Madya | G52: S2 | H52: =LEFT(E52, SEARCH(",",E52)-1) -> IV/a | I52: 51 | J52: =A52 -> SUYATNO, S.E., M.M. | K52: =""&B52 -> 197403231999021000 | L52: =LEFT(RIGHT(K52, 4), 1) -> 1 | N52: 4 | O52: 1 | P52: =INDEX(Sheet2!A:A, MATCH(F52, Sheet2!B:B, 0)) -> 30 | Q52: 2 | R52: =INDEX(Sheet3!A:A, MATCH(G52, Sheet3!B:B, 0)) -> 3 | S52: 08123 | T52: =CONCATENATE(K52, ".jpg") -> 197403231999021000.jpg
A53: ANDAYANI, S.Sos | B53: 1.9670927e+17 | C53: 9 | D53: 1967 | E53: IV/a, TMT 01-08-2025 | F53: Analis Sumber Daya Manusia Aparatur Ahli Madya | G53: S1 | H53: =LEFT(E53, SEARCH(",",E53)-1) -> IV/a | I53: 52 | J53: =A53 -> ANDAYANI, S.Sos | K53: =""&B53 -> 196709271987112000 | L53: =LEFT(RIGHT(K53, 4), 1) -> 2 | N53: 4 | O53: 1 | P53: =INDEX(Sheet2!A:A, MATCH(F53, Sheet2!B:B, 0)) -> 30 | Q53: 2 | R53: =INDEX(Sheet3!A:A, MATCH(G53, Sheet3!B:B, 0)) -> 4 | S53: 08123 | T53: =CONCATENATE(K53, ".jpg") -> 196709271987112000.jpg
A54: SUWANTO, S.Sos | B54: 1.9691012e+17 | C54: 10 | D54: 1969 | E54: III/d, TMT 01-04-2018 | F54: Analis Sumber Daya Manusia Aparatur Ahli Muda | G54: S1 | H54: =LEFT(E54, SEARCH(",",E54)-1) -> III/d | I54: 53 | J54: =A54 -> SUWANTO, S.Sos | K54: =""&B54 -> 196910121990081000 | L54: =LEFT(RIGHT(K54, 4), 1) -> 1 | N54: 4 | O54: 1 | P54: =INDEX(Sheet2!A:A, MATCH(F54, Sheet2!B:B, 0)) -> 7 | Q54: 2 | R54: =INDEX(Sheet3!A:A, MATCH(G54, Sheet3!B:B, 0)) -> 4 | S54: 08123 | T54: =CONCATENATE(K54, ".jpg") -> 196910121990081000.jpg
A55: AGUS WIDODO, S.Sos | B55: 1.9820401e+17 | C55: 4 | D55: 1982 | E55: III/c, TMT 01-10-2023 | F55: Analis Sumber Daya Manusia Aparatur Ahli Muda | G55: S1 | H55: =LEFT(E55, SEARCH(",",E55)-1) -> III/c | I55: 54 | J55: =A55 -> AGUS WIDODO, S.Sos | K55: =""&B55 -> 198204012008011000 | L55: =LEFT(RIGHT(K55, 4), 1) -> 1 | N55: 4 | O55: 1 | P55: =INDEX(Sheet2!A:A, MATCH(F55, Sheet2!B:B, 0)) -> 7 | Q55: 2 | R55: =INDEX(Sheet3!A:A, MATCH(G55, Sheet3!B:B, 0)) -> 4 | S55: 08123 | T55: =CONCATENATE(K55, ".jpg") -> 198204012008011000.jpg
A56: DEDY HERMAWAN, S.A.P. | B56: 1.9870503e+17 | C56: 5 | D56: 1987 | E56: III/c, TMT 01-10-2024 | F56: Pranata Sumber Daya Manusia Aparatur Penyelia | G56: S1 | H56: =LEFT(E56, SEARCH(",",E56)-1) -> III/c | I56: 55 | J56: =A56 -> DEDY HERMAWAN, S.A.P. | K56: =""&B56 -> 198705032009121000 | L56: =LEFT(RIGHT(K56, 4), 1) -> 1 | N56: 4 | O56: 1 | P56: =INDEX(Sheet2!A:A, MATCH(F56, Sheet2!B:B, 0)) -> 31 | Q56: 2 | R56: =INDEX(Sheet3!A:A, MATCH(G56, Sheet3!B:B, 0)) -> 4 | S56: 08123 | T56: =CONCATENATE(K56, ".jpg") -> 198705032009121000.jpg
A57: TRIANI MEILANI, SAP. | B57: 1.9820518e+17 | C57: 5 | D57: 1982 | E57: III/c, TMT 01-10-2022 | F57: Analis Sumber Daya Manusia Aparatur Ahli Pertama | G57: S1 | H57: =LEFT(E57, SEARCH(",",E57)-1) -> III/c | I57: 56 | J57: =A57 -> TRIANI MEILANI, SAP. | K57: =""&B57 -> 198205182008012000 | L57: =LEFT(RIGHT(K57, 4), 1) -> 2 | N57: 4 | O57: 1 | P57: =INDEX(Sheet2!A:A, MATCH(F57, Sheet2!B:B, 0)) -> 4 | Q57: 2 | R57: =INDEX(Sheet3!A:A, MATCH(G57, Sheet3!B:B, 0)) -> 4 | S57: 08123 | T57: =CONCATENATE(K57, ".jpg") -> 198205182008012000.jpg
A58: NORIN MUSTIKA RAHADIRI ABHESEKA, S.I.P. | B58: 199410262020122007 | C58: 10 | D58: 1994 | E58: III/b, TMT 01-12-2024 | F58: Analis Sumber Daya Manusia Aparatur Ahli Pertama | G58: S1 | H58: =LEFT(E58, SEARCH(",",E58)-1) -> III/b | I58: 57 | J58: =A58 -> NORIN MUSTIKA RAHADIRI ABHESEKA, S.I.P. | K58: =""&B58 -> 199410262020122007 | L58: =LEFT(RIGHT(K58, 4), 1) -> 2 | N58: 4 | O58: 1 | P58: =INDEX(Sheet2!A:A, MATCH(F58, Sheet2!B:B, 0)) -> 4 | Q58: 2 | R58: =INDEX(Sheet3!A:A, MATCH(G58, Sheet3!B:B, 0)) -> 4 | S58: 08123 | T58: =CONCATENATE(K58, ".jpg") -> 199410262020122007.jpg
A59: HANKENINA DEAFINOLA, S.I.P | B59: 199702052022032010 | C59: 2 | D59: 1997 | E59: III/b, TMT 01-04-2025 | F59: Analis Sumber Daya Manusia Aparatur Ahli Pertama | G59: S1 | H59: =LEFT(E59, SEARCH(",",E59)-1) -> III/b | I59: 58 | J59: =A59 -> HANKENINA DEAFINOLA, S.I.P | K59: =""&B59 -> 199702052022032010 | L59: =LEFT(RIGHT(K59, 4), 1) -> 2 | N59: 4 | O59: 1 | P59: =INDEX(Sheet2!A:A, MATCH(F59, Sheet2!B:B, 0)) -> 4 | Q59: 2 | R59: =INDEX(Sheet3!A:A, MATCH(G59, Sheet3!B:B, 0)) -> 4 | S59: 08123 | T59: =CONCATENATE(K59, ".jpg") -> 199702052022032010.jpg
A60: MUHAMMAD AJI SUKMA, S.M. | B60: 199610232020121005 | C60: 10 | D60: 1996 | E60: III/b, TMT 01-12-2024 | F60: Analis Sumber Daya Manusia Aparatur Ahli Pertama | G60: S1 | H60: =LEFT(E60, SEARCH(",",E60)-1) -> III/b | I60: 59 | J60: =A60 -> MUHAMMAD AJI SUKMA, S.M. | K60: =""&B60 -> 199610232020121005 | L60: =LEFT(RIGHT(K60, 4), 1) -> 1 | N60: 4 | O60: 1 | P60: =INDEX(Sheet2!A:A, MATCH(F60, Sheet2!B:B, 0)) -> 4 | Q60: 2 | R60: =INDEX(Sheet3!A:A, MATCH(G60, Sheet3!B:B, 0)) -> 4 | S60: 08123 | T60: =CONCATENATE(K60, ".jpg") -> 199610232020121005.jpg
A61: DHEA APTA MONICA, S.A.P | B61: 1.9981203e+17 | C61: 12 | D61: 1998 | E61: III/b, TMT 01-11-2025 | F61: Analis Sumber Daya Manusia Aparatur Ahli Pertama | G61: S1 | H61: =LEFT(E61, SEARCH(",",E61)-1) -> III/b | I61: 60 | J61: =A61 -> DHEA APTA MONICA, S.A.P | K61: =""&B61 -> 199812032022032000 | L61: =LEFT(RIGHT(K61, 4), 1) -> 2 | N61: 4 | O61: 1 | P61: =INDEX(Sheet2!A:A, MATCH(F61, Sheet2!B:B, 0)) -> 4 | Q61: 2 | R61: =INDEX(Sheet3!A:A, MATCH(G61, Sheet3!B:B, 0)) -> 4 | S61: 08123 | T61: =CONCATENATE(K61, ".jpg") -> 199812032022032000.jpg
A62: LAILYTA KHAIRINNISA, S.M | B62: 1.9970226e+17 | C62: 2 | D62: 1997 | E62: III/b, TMT 01-12-2025 | F62: Analis Sumber Daya Manusia Aparatur Ahli Pertama | G62: S1 | H62: =LEFT(E62, SEARCH(",",E62)-1) -> III/b | I62: 61 | J62: =A62 -> LAILYTA KHAIRINNISA, S.M | K62: =""&B62 -> 199702262022032000 | L62: =LEFT(RIGHT(K62, 4), 1) -> 2 | N62: 4 | O62: 1 | P62: =INDEX(Sheet2!A:A, MATCH(F62, Sheet2!B:B, 0)) -> 4 | Q62: 2 | R62: =INDEX(Sheet3!A:A, MATCH(G62, Sheet3!B:B, 0)) -> 4 | S62: 08123 | T62: =CONCATENATE(K62, ".jpg") -> 199702262022032000.jpg
A63: MUHAMMAD CHANDRA ADIWIGUNA, S.M. | B63: 199508062020121005 | C63: 8 | D63: 1995 | E63: III/b, TMT 01-08-2025 | F63: Analis Sumber Daya Manusia Aparatur Ahli Pertama | G63: S1 | H63: =LEFT(E63, SEARCH(",",E63)-1) -> III/b | I63: 62 | J63: =A63 -> MUHAMMAD CHANDRA ADIWIGUNA, S.M. | K63: =""&B63 -> 199508062020121005 | L63: =LEFT(RIGHT(K63, 4), 1) -> 1 | N63: 4 | O63: 1 | P63: =INDEX(Sheet2!A:A, MATCH(F63, Sheet2!B:B, 0)) -> 4 | Q63: 2 | R63: =INDEX(Sheet3!A:A, MATCH(G63, Sheet3!B:B, 0)) -> 4 | S63: 08123 | T63: =CONCATENATE(K63, ".jpg") -> 199508062020121005.jpg
A64: AHMAD YURIYANTO, S.A.P | B64: 1.9930108e+17 | C64: 1 | D64: 1993 | E64: III/b, TMT 01-08-2025 | F64: Pranata Sumber Daya Manusia Aparatur Mahir | G64: DIII | H64: =LEFT(E64, SEARCH(",",E64)-1) -> III/b | I64: 63 | J64: =A64 -> AHMAD YURIYANTO, S.A.P | K64: =""&B64 -> 199301082015031000 | L64: =LEFT(RIGHT(K64, 4), 1) -> 1 | N64: 4 | O64: 1 | P64: =INDEX(Sheet2!A:A, MATCH(F64, Sheet2!B:B, 0)) -> 32 | Q64: 2 | R64: =INDEX(Sheet3!A:A, MATCH(G64, Sheet3!B:B, 0)) -> 5 | S64: 08123 | T64: =CONCATENATE(K64, ".jpg") -> 199301082015031000.jpg
A65: JUNIARTO SETYO BUDHI, A.Md | B65: 1.9790612e+17 | C65: 6 | D65: 1979 | E65: III/b, TMT 01-03-2026 | F65: Arsiparis Mahir | G65: DIII | H65: =LEFT(E65, SEARCH(",",E65)-1) -> III/b | I65: 64 | J65: =A65 -> JUNIARTO SETYO BUDHI, A.Md | K65: =""&B65 -> 197906122014021000 | L65: =LEFT(RIGHT(K65, 4), 1) -> 1 | N65: 4 | O65: 1 | P65: =INDEX(Sheet2!A:A, MATCH(F65, Sheet2!B:B, 0)) -> 33 | Q65: 2 | R65: =INDEX(Sheet3!A:A, MATCH(G65, Sheet3!B:B, 0)) -> 5 | S65: 08123 | T65: =CONCATENATE(K65, ".jpg") -> 197906122014021000.jpg
A66: DIAS TRIYADI, SE | B66: 1.9781003e+17 | C66: 10 | D66: 1978 | E66: III/d, TMT 01-04-2022 | F66: Analis Sumber Daya Manusia Aparatur Ahli Pertama | G66: S1 | H66: =LEFT(E66, SEARCH(",",E66)-1) -> III/d | I66: 65 | J66: =A66 -> DIAS TRIYADI, SE | K66: =""&B66 -> 197810032009121000 | L66: =LEFT(RIGHT(K66, 4), 1) -> 1 | N66: 4 | O66: 1 | P66: =INDEX(Sheet2!A:A, MATCH(F66, Sheet2!B:B, 0)) -> 4 | Q66: 2 | R66: =INDEX(Sheet3!A:A, MATCH(G66, Sheet3!B:B, 0)) -> 4 | S66: 08123 | T66: =CONCATENATE(K66, ".jpg") -> 197810032009121000.jpg
A67: BADARNO | B67: 1.9690618e+17 | C67: 6 | D67: 1969 | E67: III/b, TMT 01-04-2012 | F67: Pengadministrasi Perkantoran | G67: SLTA | H67: =LEFT(E67, SEARCH(",",E67)-1) -> III/b | I67: 66 | J67: =A67 -> BADARNO | K67: =""&B67 -> 196906181992031000 | L67: =LEFT(RIGHT(K67, 4), 1) -> 1 | N67: 4 | O67: 1 | P67: =INDEX(Sheet2!A:A, MATCH(F67, Sheet2!B:B, 0)) -> 34 | Q67: 2 | R67: =INDEX(Sheet3!A:A, MATCH(G67, Sheet3!B:B, 0)) -> 6 | S67: 08123 | T67: =CONCATENATE(K67, ".jpg") -> 196906181992031000.jpg
A68: SUTARTO | B68: 1.9780107e+17 | C68: 1 | D68: 1978 | E68: III/b, TMT 01-10-2021 | F68: Pengadministrasi Perkantoran | G68: SLTA | H68: =LEFT(E68, SEARCH(",",E68)-1) -> III/b | I68: 67 | J68: =A68 -> SUTARTO | K68: =""&B68 -> 197801071999021000 | L68: =LEFT(RIGHT(K68, 4), 1) -> 1 | N68: 4 | O68: 1 | P68: =INDEX(Sheet2!A:A, MATCH(F68, Sheet2!B:B, 0)) -> 34 | Q68: 2 | R68: =INDEX(Sheet3!A:A, MATCH(G68, Sheet3!B:B, 0)) -> 6 | S68: 08123 | T68: =CONCATENATE(K68, ".jpg") -> 197801071999021000.jpg
A69: FATIMA HANA FITRIATI, S.I.P. | B69: 1.9950311e+17 | C69: 3 | D69: 1995 | E69: III/b | F69: Analis Sumber Daya Manusia Aparatur Ahli Muda | G69: S1 | H69: =E69 -> III/b | I69: 68 | J69: =A69 -> FATIMA HANA FITRIATI, S.I.P. | K69: =""&B69 -> 199503112019022000 | L69: =LEFT(RIGHT(K69, 4), 1) -> 2 | N69: 4 | O69: 1 | P69: =INDEX(Sheet2!A:A, MATCH(F69, Sheet2!B:B, 0)) -> 7 | Q69: 2 | R69: =INDEX(Sheet3!A:A, MATCH(G69, Sheet3!B:B, 0)) -> 4 | S69: 08123 | T69: =CONCATENATE(K69, ".jpg") -> 199503112019022000.jpg
A70: LIA BUNYATI, A.Md.A.Pkt | B70: 1.9920909e+17 | C70: 9 | D70: 1992 | E70: VII | F70: Pranata Sumber Daya Manusia Aparatur Terampil | G70: DIII | H70: =E70 -> VII | I70: 69 | J70: =A70 -> LIA BUNYATI, A.Md.A.Pkt | K70: =""&B70 -> 199209092024212000 | L70: =LEFT(RIGHT(K70, 4), 1) -> 2 | N70: 4 | O70: 2 | P70: =INDEX(Sheet2!A:A, MATCH(F70, Sheet2!B:B, 0)) -> 17 | Q70: 2 | R70: =INDEX(Sheet3!A:A, MATCH(G70, Sheet3!B:B, 0)) -> 5 | S70: 08123 | T70: =CONCATENATE(K70, ".jpg") -> 199209092024212000.jpg
A71: NDARI WAHYUNINGSIH, A.Md.Sek. | B71: 1.9960606e+17 | C71: 6 | D71: 1996 | E71: VII | F71: Pranata Sumber Daya Manusia Aparatur Terampil | G71: DIII | H71: =E71 -> VII | I71: 70 | J71: =A71 -> NDARI WAHYUNINGSIH, A.Md.Sek. | K71: =""&B71 -> 199606062023212000 | L71: =LEFT(RIGHT(K71, 4), 1) -> 2 | N71: 4 | O71: 2 | P71: =INDEX(Sheet2!A:A, MATCH(F71, Sheet2!B:B, 0)) -> 17 | Q71: 2 | R71: =INDEX(Sheet3!A:A, MATCH(G71, Sheet3!B:B, 0)) -> 5 | S71: 08123 | T71: =CONCATENATE(K71, ".jpg") -> 199606062023212000.jpg
A72: WIJI LESTARI, A.Md.Kom. | B72: 199701072024212028 | C72: 1 | D72: 1997 | E72: VII | F72: Pranata Sumber Daya Manusia Aparatur Terampil | G72: DIII | H72: =E72 -> VII | I72: 71 | J72: =A72 -> WIJI LESTARI, A.Md.Kom. | K72: =""&B72 -> 199701072024212028 | L72: =LEFT(RIGHT(K72, 4), 1) -> 0 | N72: 4 | O72: 2 | P72: =INDEX(Sheet2!A:A, MATCH(F72, Sheet2!B:B, 0)) -> 17 | Q72: 2 | R72: =INDEX(Sheet3!A:A, MATCH(G72, Sheet3!B:B, 0)) -> 5 | S72: 08123 | T72: =CONCATENATE(K72, ".jpg") -> 199701072024212028 .jpg
A73: SITI ZUNTIKHANAH, A.Md. | B73: 198102282024212007 | C73: 10 | D73: 1981 | E73: VII | F73: Pranata Komputer Terampil | G73: DIII | H73: =E73 -> VII | I73: 72 | J73: =A73 -> SITI ZUNTIKHANAH, A.Md. | K73: =""&B73 -> 198102282024212007 | L73: =LEFT(RIGHT(K73, 4), 1) -> 2 | N73: 4 | O73: 2 | P73: =INDEX(Sheet2!A:A, MATCH(F73, Sheet2!B:B, 0)) -> 35 | Q73: 2 | R73: =INDEX(Sheet3!A:A, MATCH(G73, Sheet3!B:B, 0)) -> 5 | S73: 08123 | T73: =CONCATENATE(K73, ".jpg") -> 198102282024212007.jpg
A74: TOFIK RIYADI, A.Md. | B74: 198108142024211002 | C74: 8 | D74: 1981 | E74: VII | F74: Pranata Komputer Terampil | G74: DIII | H74: =E74 -> VII | I74: 73 | J74: =A74 -> TOFIK RIYADI, A.Md. | K74: =""&B74 -> 198108142024211002 | L74: =LEFT(RIGHT(K74, 4), 1) -> 1 | N74: 4 | O74: 2 | P74: =INDEX(Sheet2!A:A, MATCH(F74, Sheet2!B:B, 0)) -> 35 | Q74: 2 | R74: =INDEX(Sheet3!A:A, MATCH(G74, Sheet3!B:B, 0)) -> 5 | S74: 08123 | T74: =CONCATENATE(K74, ".jpg") -> 198108142024211002.jpg
A75: INA RESTI FAUZI, A.Md | B75: 1.9940801e+17 | C75: 8 | D75: 1994 | E75: VII | F75: Arsiparis Terampil | G75: DIII | H75: =E75 -> VII | I75: 74 | J75: =A75 -> INA RESTI FAUZI, A.Md | K75: =""&B75 -> 199408012023212000 | L75: =LEFT(RIGHT(K75, 4), 1) -> 2 | N75: 4 | O75: 2 | P75: =INDEX(Sheet2!A:A, MATCH(F75, Sheet2!B:B, 0)) -> 26 | Q75: 2 | R75: =INDEX(Sheet3!A:A, MATCH(G75, Sheet3!B:B, 0)) -> 5 | S75: 08123 | T75: =CONCATENATE(K75, ".jpg") -> 199408012023212000.jpg
A76: SUKISNA, S.H., M.M. | B76: 1.9680127e+17 | C76: 1 | D76: 1968 | E76: IV/c, TMT 01-02-2025 | F76: Analis Sumber Daya Manusia Aparatur Ahli Madya | G76: S2 | H76: =LEFT(E76, SEARCH(",",E76)-1) -> IV/c | I76: 75 | J76: =A76 -> SUKISNA, S.H., M.M. | K76: =""&B76 -> 196801271987111000 | L76: =LEFT(RIGHT(K76, 4), 1) -> 1 | N76: 5 | O76: 1 | P76: =INDEX(Sheet2!A:A, MATCH(F76, Sheet2!B:B, 0)) -> 30 | Q76: 2 | R76: =INDEX(Sheet3!A:A, MATCH(G76, Sheet3!B:B, 0)) -> 3 | S76: 08123 | T76: =CONCATENATE(K76, ".jpg") -> 196801271987111000.jpg
A77: SRI NARIYA, S.IP | B77: 1.9660611e+17 | C77: 6 | D77: 1966 | E77: IV/a, TMT 01-04-2024 | F77: Analis Sumber Daya Manusia Aparatur Ahli Madya | G77: S1 | H77: =LEFT(E77, SEARCH(",",E77)-1) -> IV/a | I77: 76 | J77: =A77 -> SRI NARIYA, S.IP | K77: =""&B77 -> 196606111986031000 | L77: =LEFT(RIGHT(K77, 4), 1) -> 1 | N77: 5 | O77: 1 | P77: =INDEX(Sheet2!A:A, MATCH(F77, Sheet2!B:B, 0)) -> 30 | Q77: 2 | R77: =INDEX(Sheet3!A:A, MATCH(G77, Sheet3!B:B, 0)) -> 4 | S77: 08123 | T77: =CONCATENATE(K77, ".jpg") -> 196606111986031000.jpg
A78: TRI WIHARJANTI, S.IP | B78: 197509151998032001 | C78: 9 | D78: 1975 | E78: IV/a, TMT 01-10-2024 | F78: Analis Sumber Daya Manusia Aparatur Ahli Madya | G78: S1 | H78: =LEFT(E78, SEARCH(",",E78)-1) -> IV/a | I78: 77 | J78: =A78 -> TRI WIHARJANTI, S.IP | K78: =""&B78 -> 197509151998032001 | L78: =LEFT(RIGHT(K78, 4), 1) -> 2 | N78: 5 | O78: 1 | P78: =INDEX(Sheet2!A:A, MATCH(F78, Sheet2!B:B, 0)) -> 30 | Q78: 2 | R78: =INDEX(Sheet3!A:A, MATCH(G78, Sheet3!B:B, 0)) -> 4 | S78: 08123 | T78: =CONCATENATE(K78, ".jpg") -> 197509151998032001.jpg
A79: KUN BUDI WURYANI, S.IP.MM | B79: 1.967122e+17 | C79: 12 | D79: 1967 | E79: IV/a, TMT 01-10-2020 | F79: Analis Sumber Daya Manusia Aparatur Ahli Madya | G79: S2 | H79: =LEFT(E79, SEARCH(",",E79)-1) -> IV/a | I79: 78 | J79: =A79 -> KUN BUDI WURYANI, S.IP.MM | K79: =""&B79 -> 196712201987112000 | L79: =LEFT(RIGHT(K79, 4), 1) -> 2 | N79: 5 | O79: 1 | P79: =INDEX(Sheet2!A:A, MATCH(F79, Sheet2!B:B, 0)) -> 30 | Q79: 2 | R79: =INDEX(Sheet3!A:A, MATCH(G79, Sheet3!B:B, 0)) -> 3 | S79: 08123 | T79: =CONCATENATE(K79, ".jpg") -> 196712201987112000.jpg
A80: ENDANG PURWATI, S.Sos | B80: 1.9711229e+17 | C80: 12 | D80: 1971 | E80: IV/a, TMT 01-08-2025 | F80: Analis Sumber Daya Manusia Aparatur Ahli Madya | G80: S1 | H80: =LEFT(E80, SEARCH(",",E80)-1) -> IV/a | I80: 79 | J80: =A80 -> ENDANG PURWATI, S.Sos | K80: =""&B80 -> 197112291998032000 | L80: =LEFT(RIGHT(K80, 4), 1) -> 2 | N80: 5 | O80: 1 | P80: =INDEX(Sheet2!A:A, MATCH(F80, Sheet2!B:B, 0)) -> 30 | Q80: 2 | R80: =INDEX(Sheet3!A:A, MATCH(G80, Sheet3!B:B, 0)) -> 4 | S80: 08123 | T80: =CONCATENATE(K80, ".jpg") -> 197112291998032000.jpg
A81: RINI, SE | B81: 198310162002112001 | C81: 10 | D81: 1983 | E81: III/d, TMT 01-10-2021 | F81: Analis Sumber Daya Manusia Aparatur Ahli Muda | G81: S1 | H81: =LEFT(E81, SEARCH(",",E81)-1) -> III/d | I81: 80 | J81: =A81 -> RINI, SE | K81: =""&B81 -> 198310162002112001 | L81: =LEFT(RIGHT(K81, 4), 1) -> 2 | N81: 5 | O81: 1 | P81: =INDEX(Sheet2!A:A, MATCH(F81, Sheet2!B:B, 0)) -> 7 | Q81: 2 | R81: =INDEX(Sheet3!A:A, MATCH(G81, Sheet3!B:B, 0)) -> 4 | S81: 08123 | T81: =CONCATENATE(K81, ".jpg") -> 198310162002112001.jpg
A82: SUHARTONO, S.Sos | B82: 1.9700217e+17 | C82: 2 | D82: 1970 | E82: IV/a, TMT 01-08-2025 | F82: Analis Sumber Daya Manusia Aparatur Ahli Madya | G82: S1 | H82: =LEFT(E82, SEARCH(",",E82)-1) -> IV/a | I82: 81 | J82: =A82 -> SUHARTONO, S.Sos | K82: =""&B82 -> 197002171992031000 | L82: =LEFT(RIGHT(K82, 4), 1) -> 1 | N82: 5 | O82: 1 | P82: =INDEX(Sheet2!A:A, MATCH(F82, Sheet2!B:B, 0)) -> 30 | Q82: 2 | R82: =INDEX(Sheet3!A:A, MATCH(G82, Sheet3!B:B, 0)) -> 4 | S82: 08123 | T82: =CONCATENATE(K82, ".jpg") -> 197002171992031000.jpg
A83: AHMAD BUDI SUTRISNA | B83: 1.9710711e+17 | C83: 7 | D83: 1971 | E83: III/c, TMT 01-04-2024 | F83: Pranata Sumber Daya Manusia Aparatur Penyelia | G83: SLTA | H83: =LEFT(E83, SEARCH(",",E83)-1) -> III/c | I83: 82 | J83: =A83 -> AHMAD BUDI SUTRISNA | K83: =""&B83 -> 197107111993031000 | L83: =LEFT(RIGHT(K83, 4), 1) -> 1 | N83: 5 | O83: 1 | P83: =INDEX(Sheet2!A:A, MATCH(F83, Sheet2!B:B, 0)) -> 31 | Q83: 2 | R83: =INDEX(Sheet3!A:A, MATCH(G83, Sheet3!B:B, 0)) -> 6 | S83: 08123 | T83: =CONCATENATE(K83, ".jpg") -> 197107111993031000.jpg
A84: ATHO` ZULIANTA, S.IP | B84: 1.9750727e+17 | C84: 7 | D84: 1975 | E84: III/b, TMT 01-04-2021 | F84: Analis Sumber Daya Manusia Aparatur Ahli Pertama | G84: S1 | H84: =LEFT(E84, SEARCH(",",E84)-1) -> III/b | I84: 83 | J84: =A84 -> ATHO` ZULIANTA, S.IP | K84: =""&B84 -> 197507272006041000 | L84: =LEFT(RIGHT(K84, 4), 1) -> 1 | N84: 5 | O84: 1 | P84: =INDEX(Sheet2!A:A, MATCH(F84, Sheet2!B:B, 0)) -> 4 | Q84: 2 | R84: =INDEX(Sheet3!A:A, MATCH(G84, Sheet3!B:B, 0)) -> 4 | S84: 08123 | T84: =CONCATENATE(K84, ".jpg") -> 197507272006041000.jpg
A85: ELISA FIRDA AMALIA, S.E. | B85: 199512062020122011 | C85: 12 | D85: 1995 | E85: III/b, TMT 01-04-2025 | F85: Analis Sumber Daya Manusia Aparatur Ahli Pertama | G85: S1 | H85: =LEFT(E85, SEARCH(",",E85)-1) -> III/b | I85: 84 | J85: =A85 -> ELISA FIRDA AMALIA, S.E. | K85: =""&B85 -> 199512062020122011 | L85: =LEFT(RIGHT(K85, 4), 1) -> 2 | N85: 5 | O85: 1 | P85: =INDEX(Sheet2!A:A, MATCH(F85, Sheet2!B:B, 0)) -> 4 | Q85: 2 | R85: =INDEX(Sheet3!A:A, MATCH(G85, Sheet3!B:B, 0)) -> 4 | S85: 08123 | T85: =CONCATENATE(K85, ".jpg") -> 199512062020122011.jpg
A86: FITRIA TAHTA MAULA, S.H. | B86: 199710072020122012 | C86: 10 | D86: 1997 | E86: III/b, TMT 01-04-2025 | F86: Analis Sumber Daya Manusia Aparatur Ahli Pertama | G86: S1 | H86: =LEFT(E86, SEARCH(",",E86)-1) -> III/b | I86: 85 | J86: =A86 -> FITRIA TAHTA MAULA, S.H. | K86: =""&B86 -> 199710072020122012 | L86: =LEFT(RIGHT(K86, 4), 1) -> 2 | N86: 5 | O86: 1 | P86: =INDEX(Sheet2!A:A, MATCH(F86, Sheet2!B:B, 0)) -> 4 | Q86: 2 | R86: =INDEX(Sheet3!A:A, MATCH(G86, Sheet3!B:B, 0)) -> 4 | S86: 08123 | T86: =CONCATENATE(K86, ".jpg") -> 199710072020122012.jpg
A87: BAYU PRASTIANTO,S.E | B87: 199405162022031004 | C87: 5 | D87: 1994 | E87: III/b, TMT 01-01-2026 | F87: Analis Sumber Daya Manusia Aparatur Ahli Pertama | G87: S1 | H87: =LEFT(E87, SEARCH(",",E87)-1) -> III/b | I87: 86 | J87: =A87 -> BAYU PRASTIANTO,S.E | K87: =""&B87 -> 199405162022031004 | L87: =LEFT(RIGHT(K87, 4), 1) -> 1 | N87: 5 | O87: 1 | P87: =INDEX(Sheet2!A:A, MATCH(F87, Sheet2!B:B, 0)) -> 4 | Q87: 2 | R87: =INDEX(Sheet3!A:A, MATCH(G87, Sheet3!B:B, 0)) -> 4 | S87: 08123 | T87: =CONCATENATE(K87, ".jpg") -> 199405162022031004.jpg
A88: AMIR NUGROHO | B88: 1.9740417e+17 | C88: 4 | D88: 1974 | E88: III/a, TMT 01-04-2023 | F88: Pranata Sumber Daya Manusia Aparatur Mahir | G88: SLTA | H88: =LEFT(E88, SEARCH(",",E88)-1) -> III/a | I88: 87 | J88: =A88 -> AMIR NUGROHO | K88: =""&B88 -> 197404172000121000 | L88: =LEFT(RIGHT(K88, 4), 1) -> 1 | N88: 5 | O88: 1 | P88: =INDEX(Sheet2!A:A, MATCH(F88, Sheet2!B:B, 0)) -> 32 | Q88: 2 | R88: =INDEX(Sheet3!A:A, MATCH(G88, Sheet3!B:B, 0)) -> 6 | S88: 08123 | T88: =CONCATENATE(K88, ".jpg") -> 197404172000121000.jpg
A89: SUPARGIYANTO, S.SOS | B89: 196805171996031001 | C89: 5 | D89: 1968 | E89: III/d, TMT 01-04-2019 | F89: Penata Kelola Hukum dan Perundang-Undangan | G89: S1 | H89: =LEFT(E89, SEARCH(",",E89)-1) -> III/d | I89: 88 | J89: =A89 -> SUPARGIYANTO, S.SOS | K89: =""&B89 -> 196805171996031001 | L89: =LEFT(RIGHT(K89, 4), 1) -> 1 | N89: 5 | O89: 1 | P89: =INDEX(Sheet2!A:A, MATCH(F89, Sheet2!B:B, 0)) -> 36 | Q89: 2 | R89: =INDEX(Sheet3!A:A, MATCH(G89, Sheet3!B:B, 0)) -> 4 | S89: 08123 | T89: =CONCATENATE(K89, ".jpg") -> 196805171996031001.jpg
A90: PUJI AGUNG SUPADI, A.Md | B90: 1.9690409e+17 | C90: 4 | D90: 1969 | E90: III/c, TMT 01-04-2018 | F90: Pengolah Data dan Informasi | G90: DIII | H90: =LEFT(E90, SEARCH(",",E90)-1) -> III/c | I90: 89 | J90: =A90 -> PUJI AGUNG SUPADI, A.Md | K90: =""&B90 -> 196904091998031000 | L90: =LEFT(RIGHT(K90, 4), 1) -> 1 | N90: 5 | O90: 1 | P90: =INDEX(Sheet2!A:A, MATCH(F90, Sheet2!B:B, 0)) -> 9 | Q90: 2 | R90: =INDEX(Sheet3!A:A, MATCH(G90, Sheet3!B:B, 0)) -> 5 | S90: 08123 | T90: =CONCATENATE(K90, ".jpg") -> 196904091998031000.jpg
A91: RIZAL BUDIYANTO, A.Md.T. | B91: 199208032024211019 | C91: 8 | D91: 1992 | E91: VII | F91: Pranata Sumber Daya Manusia Aparatur Terampil | G91: DIII | H91: =E91 -> VII | I91: 90 | J91: =A91 -> RIZAL BUDIYANTO, A.Md.T. | K91: =""&B91 -> 199208032024211019 | L91: =LEFT(RIGHT(K91, 4), 1) -> 1 | N91: 5 | O91: 2 | P91: =INDEX(Sheet2!A:A, MATCH(F91, Sheet2!B:B, 0)) -> 17 | Q91: 2 | R91: =INDEX(Sheet3!A:A, MATCH(G91, Sheet3!B:B, 0)) -> 5 | S91: 08123 | T91: =CONCATENATE(K91, ".jpg") -> 199208032024211019.jpg
A92: ERNI PAJARWATI, A.Md. | B92: 198606012024212015 | C92: 6 | D92: 1986 | E92: VII | F92: Pranata Sumber Daya Manusia Aparatur Terampil | G92: DIII | H92: =E92 -> VII | I92: 91 | J92: =A92 -> ERNI PAJARWATI, A.Md. | K92: =""&B92 -> 198606012024212015 | L92: =LEFT(RIGHT(K92, 4), 1) -> 2 | N92: 5 | O92: 2 | P92: =INDEX(Sheet2!A:A, MATCH(F92, Sheet2!B:B, 0)) -> 17 | Q92: 2 | R92: =INDEX(Sheet3!A:A, MATCH(G92, Sheet3!B:B, 0)) -> 5 | S92: 08123 | T92: =CONCATENATE(K92, ".jpg") -> 198606012024212015.jpg
A93: ANANG PIKUKUH PURWOKO, SE, M.M. | B93: 1.977073e+17 | C93: 7 | D93: 1977 | E93: IV/a, TMT 01-04-2024 | F93: Analis Sumber Daya Manusia Aparatur Ahli Madya | G93: S2 | H93: =LEFT(E93, SEARCH(",",E93)-1) -> IV/a | I93: 92 | J93: =A93 -> ANANG PIKUKUH PURWOKO, SE, M.M. | K93: =""&B93 -> 197707302008121000 | L93: =LEFT(RIGHT(K93, 4), 1) -> 1 | N93: 3 | O93: 1 | P93: =INDEX(Sheet2!A:A, MATCH(F93, Sheet2!B:B, 0)) -> 30 | Q93: 2 | R93: =INDEX(Sheet3!A:A, MATCH(G93, Sheet3!B:B, 0)) -> 3 | S93: 08123 | T93: =CONCATENATE(K93, ".jpg") -> 197707302008121000.jpg
A94: DELI INDRA WAHYUDI, SH, M.M. | B94: 1.9760923e+17 | C94: 9 | D94: 1976 | E94: IV/b, TMT 01-10-2025 | F94: Analis Sumber Daya Manusia Aparatur Ahli Madya | G94: S2 | H94: =LEFT(E94, SEARCH(",",E94)-1) -> IV/b | I94: 93 | J94: =A94 -> DELI INDRA WAHYUDI, SH, M.M. | K94: =""&B94 -> 197609231998031000 | L94: =LEFT(RIGHT(K94, 4), 1) -> 1 | N94: 3 | O94: 1 | P94: =INDEX(Sheet2!A:A, MATCH(F94, Sheet2!B:B, 0)) -> 30 | Q94: 2 | R94: =INDEX(Sheet3!A:A, MATCH(G94, Sheet3!B:B, 0)) -> 3 | S94: 08123 | T94: =CONCATENATE(K94, ".jpg") -> 197609231998031000.jpg
A95: DEWI FAUZIYATI, S.Psi, M.A. | B95: 1.9841229e+17 | C95: 12 | D95: 1984 | E95: IV/a, TMT 01-06-2025 | F95: Analis Sumber Daya Manusia Aparatur Ahli Madya | G95: S2 | H95: =LEFT(E95, SEARCH(",",E95)-1) -> IV/a | I95: 94 | J95: =A95 -> DEWI FAUZIYATI, S.Psi, M.A. | K95: =""&B95 -> 198412292010122000 | L95: =LEFT(RIGHT(K95, 4), 1) -> 2 | N95: 3 | O95: 1 | P95: =INDEX(Sheet2!A:A, MATCH(F95, Sheet2!B:B, 0)) -> 30 | Q95: 2 | R95: =INDEX(Sheet3!A:A, MATCH(G95, Sheet3!B:B, 0)) -> 3 | S95: 08123 | T95: =CONCATENATE(K95, ".jpg") -> 198412292010122000.jpg
A96: ADI WIBOWO, SH | B96: 1.9851225e+17 | C96: 12 | D96: 1985 | E96: IV/a | F96: Analis Sumber Daya Manusia Aparatur Ahli Madya | G96: S1 | H96: =E96 -> IV/a | I96: 95 | J96: =A96 -> ADI WIBOWO, SH | K96: =""&B96 -> 198512252014021000 | L96: =LEFT(RIGHT(K96, 4), 1) -> 1 | N96: 3 | O96: 1 | P96: =INDEX(Sheet2!A:A, MATCH(F96, Sheet2!B:B, 0)) -> 30 | Q96: 2 | R96: =INDEX(Sheet3!A:A, MATCH(G96, Sheet3!B:B, 0)) -> 4 | S96: 08123 | T96: =CONCATENATE(K96, ".jpg") -> 198512252014021000.jpg
A97: RANI ADHITA NANDURI SIREGAR, SH, MIR., MIL. | B97: 1.9870812e+17 | C97: 8 | D97: 1987 | E97: III/d, TMT 01-04-2025 | F97: Analis Sumber Daya Manusia Aparatur Ahli Muda | G97: S2 | H97: =LEFT(E97, SEARCH(",",E97)-1) -> III/d | I97: 96 | J97: =A97 -> RANI ADHITA NANDURI SIREGAR, SH, MIR., MIL. | K97: =""&B97 -> 198708122014022000 | L97: =LEFT(RIGHT(K97, 4), 1) -> 2 | N97: 3 | O97: 1 | P97: =INDEX(Sheet2!A:A, MATCH(F97, Sheet2!B:B, 0)) -> 7 | Q97: 2 | R97: =INDEX(Sheet3!A:A, MATCH(G97, Sheet3!B:B, 0)) -> 3 | S97: 08123 | T97: =CONCATENATE(K97, ".jpg") -> 198708122014022000.jpg
A98: NELLY ELIANINGTYAS, S.M. | B98: 1.9960321e+17 | C98: 3 | D98: 1996 | E98: III/b, TMT 01-11-2025 | F98: Analis Sumber Daya Manusia Aparatur Ahli Pertama | G98: S1 | H98: =LEFT(E98, SEARCH(",",E98)-1) -> III/b | I98: 97 | J98: =A98 -> NELLY ELIANINGTYAS, S.M. | K98: =""&B98 -> 199603212022032000 | L98: =LEFT(RIGHT(K98, 4), 1) -> 2 | N98: 3 | O98: 1 | P98: =INDEX(Sheet2!A:A, MATCH(F98, Sheet2!B:B, 0)) -> 4 | Q98: 2 | R98: =INDEX(Sheet3!A:A, MATCH(G98, Sheet3!B:B, 0)) -> 4 | S98: 08123 | T98: =CONCATENATE(K98, ".jpg") -> 199603212022032000.jpg
A99: SEPSA KUSUMAWARDANI, S.M. | B99: 1.9980901e+17 | C99: 9 | D99: 1998 | E99: III/b, TMT 01-11-2025 | F99: Analis Sumber Daya Manusia Aparatur Ahli Pertama | G99: S1 | H99: =LEFT(E99, SEARCH(",",E99)-1) -> III/b | I99: 98 | J99: =A99 -> SEPSA KUSUMAWARDANI, S.M. | K99: =""&B99 -> 199809012022032000 | L99: =LEFT(RIGHT(K99, 4), 1) -> 2 | N99: 3 | O99: 1 | P99: =INDEX(Sheet2!A:A, MATCH(F99, Sheet2!B:B, 0)) -> 4 | Q99: 2 | R99: =INDEX(Sheet3!A:A, MATCH(G99, Sheet3!B:B, 0)) -> 4 | S99: 08123 | T99: =CONCATENATE(K99, ".jpg") -> 199809012022032000.jpg
A100: ETSA JUWITA SARI, SH | B100: 199304232018012003 | C100: 4 | D100: 1993 | E100: III/b, TMT 01-04-2022 | F100: Penata Kelola Hukum dan Perundang-Undangan | G100: S1 | H100: =LEFT(E100, SEARCH(",",E100)-1) -> III/b | I100: 99 | J100: =A100 -> ETSA JUWITA SARI, SH | K100: =""&B100 -> 199304232018012003 | L100: =LEFT(RIGHT(K100, 4), 1) -> 2 | N100: 3 | O100: 1 | P100: =INDEX(Sheet2!A:A, MATCH(F100, Sheet2!B:B, 0)) -> 37 | Q100: 2 | R100: =INDEX(Sheet3!A:A, MATCH(G100, Sheet3!B:B, 0)) -> 4 | S100: 08123 | T100: =CONCATENATE(K100, ".jpg") -> 199304232018012003.jpg
...

Sheet Sheet2
A1: id_jabatan | B1: jenis_jabatan
A2: 1 | B2: Kepala Kantor
A3: 2 | B3: Kepala Bagian Tata Usaha
A4: 3 | B4: Kasubag Kepegawaian
A5: 4 | B5: Analis Sumber Daya Manusia Aparatur Ahli Pertama
A6: 5 | B6: Penelaah Teknis Kebijakan
A7: 6 | B7: Arsiparis Penyelia
A8: 7 | B8: Analis Sumber Daya Manusia Aparatur Ahli Muda
A9: 8 | B9: Pranata SDM Mahir
A10: 9 | B10: Pengolah Data dan Informasi
A11: 10 | B11: Analis Sumber Daya Manusia Aparatur Ahli Pertama
A12: 11 | B12: Kasubag Perencanaan dan Keuangan
A13: 12 | B13: Arsiparis Ahli Pertama
... A58: 57 | B58: Penelaah Teknis Kebijakan

Sheet Sheet3
A1: id_gelar | B1: nama_gelar
A2: 1 | B2: Professor
A3: 2 | B3: S3
A4: 3 | B4: S2
A5: 4 | B5: S1
A6: 5 | B6: DIII
A7: 6 | B7: SMA
A8: 6 | B8: SMK
A9: 6 | B9: SLTA
A10: 7 | B10: SMP
A11: 8 | B11: SLTP

Sheet Sheet4
A1: id_gelar | B1: nama_gelar
A2: 1 | B2: I/A
A3: 2 | B3: I/B
A4: 3 | B4: I/C
A5: 4 | B5: I/D
A6: 5 | B6: II/A
A7: 6 | B7: II/B
A8: 7 | B8: II/C
A9: 8 | B9: II/D
A10: 9 | B10: III/A
A11: 10 | B11: III/B
A12: 11 | B12: III/C
A13: 12 | B13: III/D
... A35: 34 | B35: XVII

Sheet Sheet5
